UNITS_ATTEMPTED_1,UNITS_ATTEMPTED_2,UNITS_ATTEMPTED_3,UNITS_ATTEMPTED_4
1.000000,0.958525,0.815668,0.760369
1.000000,0.924812,0.744361,0.699248
1.000000,0.988636,0.829545,0.784091
