SID,CLASS_YEAR,CLASS_SEMESTER,UNITS_ATTEMPTED,GRADE_POINTS,CUM_UNITS_ATTEMPTED,CUM_GRADE_POINTS,GPA,CUM_GPA
000GPJ93V,2020,Fall,8,25,8,25,3.125000,3.125000
000GPJ93V,2021,Spring,10,19,18,44,1.900000,2.444444
000M7YLAX,2015,Fall,12,27,12,27,2.250000,2.250000
000M7YLAX,2016,Fall,15,36,27,63,2.400000,2.333333
000M7YLAX,2016,Spring,12,27,39,90,2.250000,2.307692
