SID,COHORT,RACE_ETHNICITY,GENDER,FIRST_GEN_STATUS,HS_GPA,HS_MATH_GPA,HS_ENGL_GPA,COLLEGE,UNITS_ATTEMPTED_1,UNITS_ATTEMPTED_2,UNITS_ATTEMPTED_3,UNITS_ATTEMPTED_4,UNITS_COMPLETED_1,UNITS_COMPLETED_2,UNITS_COMPLETED_3,UNITS_COMPLETED_4,DFW_UNITS_1,DFW_UNITS_2,DFW_UNITS_3,DFW_UNITS_4,GPA_1,GPA_2,GPA_3,GPA_4,CUM_GPA_1,CUM_GPA_2,CUM_GPA_3,CUM_GPA_4,SEM_1_STATUS,SEM_2_STATUS,SEM_3_STATUS,SEM_4_STATUS,SEM_5_STATUS,SEM_6_STATUS,SEM_7_STATUS,SEM_8_STATUS
ZLRU5PGUX,Fall 2011,Black or African American,Female,Continuing Generation,3.14,3.07,3.03,Health,9.000000,15.000000,10.000000,12.000000,9.000000,15.000000,10.000000,12.000000,0.000000,0.000000,0.000000,0.000000,2.333333,2.600000,2.600000,3.000000,2.333333,2.500000,2.529412,2.652174,C,C,C,C,C,C,NR,NR
16GT3WT2H,Fall 2011,Asian,Female,Continuing Generation,4.0,3.96,4.12,Health,6.000000,12.000000,9.000000,15.000000,6.000000,12.000000,9.000000,15.000000,0.000000,0.000000,0.000000,0.000000,3.000000,3.250000,3.666667,4.000000,3.000000,3.166667,3.333333,3.571429,C,C,C,C,C,C,C,GD
16GT3WT2H,Fall 2011,Asian,Female,Continuing Generation,4.0,3.96,4.12,Health,6.000000,12.000000,9.000000,15.000000,6.000000,12.000000,9.000000,15.000000,0.000000,0.000000,0.000000,0.000000,3.000000,3.250000,3.666667,4.000000,3.000000,3.166667,3.333333,3.571429,C,C,C,C,C,C,C,C
RYO3GMZOY,Fall 2012,Asian,Male,Continuing Generation,3.38,3.32,3.43,Engineering,13.000000,9.000000,14.000000,14.000000,13.000000,9.000000,14.000000,14.000000,0.000000,4.000000,0.000000,0.000000,3.230769,2.444444,3.000000,2.357143,3.230769,2.909091,2.944444,2.780000,C,C,C,C,C,C,C,C
HUSPYUYTL,Fall 2014,Hispanic,Female,First Generation,NaN,NaN,NaN,Business,13.000000,12.000000,12.000000,13.000000,9.000000,9.000000,12.000000,13.000000,4.000000,3.000000,0.000000,0.000000,2.615385,2.000000,3.250000,3.461538,2.615385,2.320000,2.621622,2.840000,C,C,C,C,C,C,C,GD
