SID,GPA_1,GPA_2,GPA_3,GPA_4,GPA_5,GPA_6,GPA_7,GPA_8,UNITS_ATTEMPTED_1,UNITS_ATTEMPTED_2,UNITS_ATTEMPTED_3,UNITS_ATTEMPTED_4,UNITS_ATTEMPTED_5,UNITS_ATTEMPTED_6,UNITS_ATTEMPTED_7,UNITS_ATTEMPTED_8,CUM_GPA_1,CUM_GPA_2,CUM_GPA_3,CUM_GPA_4,CUM_GPA_5,CUM_GPA_6,CUM_GPA_7,CUM_GPA_8
000GPJ93V,3.125000,1.900000,NaN,NaN,NaN,NaN,NaN,NaN,8.000000,10.000000,NaN,NaN,NaN,NaN,NaN,NaN,3.125000,2.444444,NaN,NaN,NaN,NaN,NaN,NaN
000M7YLAX,2.250000,2.400000,2.25,3.6666666666666665,3.5,NaN,NaN,NaN,12.000000,15.000000,12.0,9.0,12.0,NaN,NaN,NaN,2.250000,2.333333,2.3076923076923075,2.5625,2.75,NaN,NaN,NaN
000NSOJN5,3.666667,4.000000,4.0,4.0,NaN,NaN,NaN,NaN,9.000000,9.000000,10.0,10.0,NaN,NaN,NaN,NaN,3.666667,3.833333,3.892857142857143,3.9210526315789473,NaN,NaN,NaN,NaN
000O3VNKL,2.000000,2.000000,NaN,NaN,NaN,NaN,NaN,NaN,9.000000,12.000000,NaN,NaN,NaN,NaN,NaN,NaN,2.000000,2.000000,NaN,NaN,NaN,NaN,NaN,NaN
000VJZY7Q,2.562500,2.769231,2.764705882352941,3.5,3.176470588235294,NaN,NaN,NaN,16.000000,13.000000,17.0,12.0,17.0,NaN,NaN,NaN,2.562500,2.655172,2.6956521739130435,2.8620689655172415,2.933333333333333,NaN,NaN,NaN
