SID,COHORT_YEAR,COHORT_TERM,COLLEGE,RACE_ETHNICITY,GENDER,STUDENT_TYPE,COHORT,HS_GPA,HS_MATH_GPA,HS_ENGL_GPA,ADMISSION_YEAR,ADMISSION_TERM,FIRST_GEN_STATUS,GPA_1,GPA_2,GPA_3,GPA_4,GPA_5,GPA_6,GPA_7,GPA_8,UNITS_ATTEMPTED_1,UNITS_ATTEMPTED_2,UNITS_ATTEMPTED_3,UNITS_ATTEMPTED_4,UNITS_ATTEMPTED_5,UNITS_ATTEMPTED_6,UNITS_ATTEMPTED_7,UNITS_ATTEMPTED_8,CUM_GPA_1,CUM_GPA_2,CUM_GPA_3,CUM_GPA_4,CUM_GPA_5,CUM_GPA_6,CUM_GPA_7,CUM_GPA_8
ZLRU5PGUX,2011,Fall,Health,Black or African American,Female,FYS,Fall 2011,3.14,3.07,3.03,2011.000000,Fall,Continuing Generation,2.333333,2.600000,2.600000,3.000000,2.500000,2.615385,3.100000,4.000000,9.000000,15.000000,10.000000,12.000000,14.000000,13.000000,10.000000,9.000000,2.333333,2.500000,2.529412,2.652174,2.616667,2.616438,2.674699,2.804348
16GT3WT2H,2011,Fall,Health,Asian,Female,FYS,Fall 2011,4.0,3.96,4.12,2011.000000,Fall,Continuing Generation,3.000000,3.250000,3.666667,4.000000,4.000000,3.750000,4.000000,4.000000,6.000000,12.000000,9.000000,15.000000,13.000000,12.000000,12.000000,6.000000,3.000000,3.166667,3.333333,3.571429,3.672727,3.686567,3.734177,3.752941
RYO3GMZOY,2012,Fall,Engineering,Asian,Male,FYS,Fall 2012,3.38,3.32,3.43,2012.000000,Fall,Continuing Generation,3.230769,2.444444,3.000000,2.357143,1.187500,1.461538,1.230769,3.692308,13.000000,9.000000,14.000000,14.000000,16.000000,13.000000,13.000000,13.000000,3.230769,2.909091,2.944444,2.780000,2.393939,2.240506,2.097826,2.295238
HUSPYUYTL,2014,Fall,Business,Hispanic,Female,FYS,Fall 2014,NaN,NaN,NaN,2014.000000,Fall,First Generation,2.615385,2.000000,3.250000,3.461538,3.250000,4.000000,3.500000,3.625000,13.000000,12.000000,12.000000,13.000000,12.000000,13.000000,12.000000,16.000000,2.615385,2.320000,2.621622,2.840000,2.919355,3.106667,3.160920,3.233010
KYEV2Q5JQ,2014,Fall,Health,Hispanic,Male,FYS,Fall 2014,4.14,3.96,4.16,2014.000000,Fall,Continuing Generation,3.357143,2.900000,2.857143,3.250000,2.769231,3.647059,3.785714,2.500000,14.000000,10.000000,7.000000,12.000000,13.000000,17.000000,14.000000,6.000000,3.357143,3.166667,3.096774,3.139535,3.053571,3.191781,3.287356,3.236559
