,RACE_ETHNICITY,GENDER,FIRST_GEN_STATUS,HS_MATH_GPA,HS_ENGL_GPA,COLLEGE,UNITS_ATTEMPTED_1,UNITS_ATTEMPTED_2,UNITS_COMPLETED_1,UNITS_COMPLETED_2,GPA_1,GPA_2,SEM_1_STATUS,DFW_RATE_1,DFW_RATE_2,GRADE_POINTS_1,GRADE_POINTS_2
0,White,Female,Continuing Generation,3.720000,3.880000,Arts,15.000000,15.000000,15.000000,15.000000,3.800000,3.200000,C,0.000000,0.000000,57.000000,48.000000
1,Hispanic/Latino,Male,Continuing Generation,3.570000,3.900000,Business,15.000000,12.000000,15.000000,12.000000,3.400000,4.000000,C,0.000000,0.000000,51.000000,48.000000
2,Asian,Male,Continuing Generation,2.890000,3.390000,Liberal Arts,17.000000,14.000000,14.000000,11.000000,2.625000,3.454545,C,0.176471,0.214286,44.625000,48.363636
3,Hispanic/Latino,Female,Continuing Generation,3.630000,3.930000,Liberal Arts,16.000000,16.000000,16.000000,16.000000,4.000000,2.937500,C,0.000000,0.000000,64.000000,47.000000
4,Visa Non-U.S.,Female,Unknown,4.260000,3.840000,Health,13.000000,14.000000,13.000000,14.000000,4.000000,2.500000,C,0.000000,0.000000,52.000000,35.000000
