SID,SEMESTER_GPA1,SEMESTER_GPA2,SEMESTER_GPA3,SEMESTER_GPA4,SEMESTER_GPA5,SEMESTER_GPA6,SEMESTER_GPA7,SEMESTER_GPA8,CUM_GPA1,CUM_GPA2,CUM_GPA3,CUM_GPA4,CUM_GPA5,CUM_GPA6,CUM_GPA7,CUM_GPA8
0011HEK9O,4.000000,4.000000,4.000000,4.000000,3.833333,4.000000,4.000000,4.000000,4.000000,4.000000,4.000000,4.000000,3.964286,3.969697,3.972973,3.975000
0016QGCJJ,3.000000,3.000000,4.000000,3.000000,4.000000,4.000000,3.250000,4.000000,3.000000,3.000000,3.300000,3.214286,3.352941,3.521739,3.481481,3.533333
004SQV7B7,3.400000,2.285714,3.214286,3.333333,3.750000,3.400000,3.400000,3.750000,3.400000,2.862069,2.976744,3.038462,3.171875,3.215190,3.244681,3.301887
006BNDF62,3.400000,2.800000,2.562500,3.400000,3.666667,2.400000,2.800000,2.250000,3.400000,3.100000,2.913043,3.032787,3.177215,3.053191,3.018349,2.942149
006FULHV9,2.000000,4.000000,4.000000,4.000000,4.000000,4.000000,4.000000,4.000000,2.000000,3.000000,3.272727,3.414634,3.500000,3.578947,3.630769,3.647059
