FIRST_GEN_STATUS,HS_GPA,HS_MATH_GPA,HS_ENGL_GPA,UNITS_ATTEMPTED_1,UNITS_ATTEMPTED_2,UNITS_ATTEMPTED_3,UNITS_ATTEMPTED_4,UNITS_COMPLETED_1,UNITS_COMPLETED_2,UNITS_COMPLETED_3,UNITS_COMPLETED_4,DFW_UNITS_1,DFW_UNITS_2,DFW_UNITS_3,DFW_UNITS_4,GPA_1,GPA_2,GPA_3,GPA_4,CUM_GPA_1,CUM_GPA_2,CUM_GPA_3,CUM_GPA_4,DFW_RATE_1,FIRST_GEN_INDICATOR
Continuing Generation,3.626060,3.510369,3.755023,13.792627,13.278846,13.892655,13.151515,11.589862,10.889423,11.960452,11.751515,2.202765,2.389423,1.932203,1.400000,2.959209,2.836608,3.028634,3.072063,2.959209,2.925332,3.085676,3.092546,0.163208,0.000000
First Generation,3.596203,3.483008,3.720038,13.812030,13.195122,13.651515,13.317204,10.560150,9.934959,11.787879,11.672043,3.251880,3.260163,1.863636,1.645161,2.719673,2.571598,2.953502,3.060837,2.719673,2.693788,3.027085,3.082386,0.236609,1.000000
Unknown,3.542727,3.381591,3.645114,13.352273,13.195402,13.794521,13.405797,10.613636,10.287356,11.301370,11.782609,2.738636,2.908046,2.493151,1.623188,2.672616,2.606204,2.751129,2.965239,2.672616,2.680595,2.860453,2.979923,0.216950,0.000000
