HS_ENGL_GPA,HS_MATH_GPA,GPA_1,UNITS_ATTEMPTED_1,DFW_RATE_1,UNITS_ATTEMPTED_2,GPA_2,DFW_RATE_2,UNITS_ATTEMPTED_3,RACE_ETHNICITY,GENDER,FIRST_GEN_STATUS,Pred_GRADE_POINTS_3,GPA_3
3.56,3.5,2.4,15.0,0.0,16.0,3.4375,0.0,13,Asian,Female,Continuing Generation,[49.99071184],[3.84543937]
3.59,3.81,1.0,10.0,0.7,12.0,0.0,1.0,16,Hispanic/Latino,Female,Continuing Generation,[30.66249518],[1.91640595]
4.09,3.89,2.076923076923077,13.0,0.3076923076923077,12.0,3.5,0.0,14,Hispanic/Latino,Female,Continuing Generation,[47.83668587],[3.41690613]
4.25,4.01,2.333333333333333,9.0,0.3333333333333333,12.0,2.5,0.25,12,Hispanic/Latino,Female,Continuing Generation,[36.28264537],[3.02355378]
4.11,3.6,1.8333333333333333,13.0,0.6923076923076923,14.0,2.5454545454545454,0.2857142857142857,12,White,Female,First Generation,[33.94149037],[2.82845753]
