FIRST_GEN_STATUS,HS_MATH_GPA,HS_ENGL_GPA,UNITS_ATTEMPTED_1,UNITS_ATTEMPTED_2,UNITS_ATTEMPTED_3,UNITS_COMPLETED_1,UNITS_COMPLETED_2,GPA_1,GPA_2,GPA_3
Continuing Generation,3.646980595084088,3.8957930142302715,14.395860284605433,14.029236739974127,14.203104786545925,13.267529107373868,12.704527813712808,3.244355945589359,3.165883592803778,3.168614083639126
First Generation,3.618295194508009,3.86679061784897,14.187070938215102,13.899313501144166,13.994851258581235,12.786613272311213,12.113844393592677,3.130798479005253,2.975661907150592,2.9912145097726937
Unknown,3.554857142857143,3.7970408163265303,14.29795918367347,14.012244897959183,14.19795918367347,12.73469387755102,12.246938775510204,3.0522522224007815,2.9701400000559666,2.9455718834320277
