SID,CLASS_YEAR,CLASS_SEMESTER,UNITS_ATTEMPTED,GRADE_POINTS,SEMESTER_GPA,CUM_UNITS_ATTEMPTED,CUM_GRADE_POINTS,CUM_GPA,TERM_INDEX
000GPJ93V,2020,Fall,8,25,3.125000,8,25,3.125000,1
000GPJ93V,2021,Spring,10,19,1.900000,18,44,2.444444,2
000M7YLAX,2015,Fall,12,27,2.250000,12,27,2.250000,1
000M7YLAX,2016,Spring,12,27,2.250000,24,54,2.250000,2
000M7YLAX,2016,Fall,15,36,2.400000,39,90,2.307692,3
